Workbook

Sheet Resumo
A1: Auditoria de fatura de frete - Resumo
A2: Base 100% fictícia (jan-set/2026). Mesma regra do SQL, escrita em fórmulas.
A4: Tolerância de arredondamento (R$) | B4: 1 | C4: <- célula editável: diferenças até esse valor contam como OK
A6: Indicador | B6: Valor
A7: Faturas analisadas | B7: =COUNTA(Detalhe!$A$2:$A$621) -> 620
A8: Faturas acima da tabela | B8: =COUNTIF(Detalhe!$P$2:$P$621,"ACIMA DA TABELA") -> 104
A9: Valor cobrado a mais (R$) | B9: =SUMIFS(Detalhe!$N$2:$N$621,Detalhe!$P$2:$P$621,"ACIMA DA TABELA") -> 20246.94
A10: Excesso sobre o valor de tabela (%) | B10: =B9/SUM(Detalhe!$M$2:$M$621) -> 0.028320365
A11: Fretes em rota sem tarifa no contrato | B11: =COUNTIF(Detalhe!$P$2:$P$621,"SEM TARIFA NO CONTRATO") -> 12
A12: Valor desses fretes sem tarifa (R$) | B12: =SUMIFS(Detalhe!$L$2:$L$621,Detalhe!$P$2:$P$621,"SEM TARIFA NO CONTRATO") -> 22716.45
A13: Cobranças em duplicidade (R$ a mais) | B13: =SUM(Duplicidades!$F$2:$F$9) -> 6466.16
A14: Potencial a recuperar (R$) | B14: =B9+B13 -> 26713.1
A15: Potencial a recuperar = excesso acima da tabela + duplicidades. Nesta base as duplicadas estão dentro da tabela, então não há dupla contagem.
A17: Por transportadora
A18: Transportadora | B18: Faturas | C18: Acima da tabela | D18: % acima | E18: Excesso (R$)
A19: Veloz Cargas | B19: =COUNTIFS(Detalhe!$C$2:$C$621,A19,Detalhe!$P$2:$P$621,"<>SEM TARIFA NO CONTRATO") -> 138 | C19: =COUNTIFS(Detalhe!$C$2:$C$621,A19,Detalhe!$P$2:$P$621,"ACIMA DA TABELA") -> 43 | D19: =IF(B19=0,0,C19/B19) -> 0.3115942 | E19: =SUMIFS(Detalhe!$N$2:$N$621,Detalhe!$C$2:$C$621,A19,Detalhe!$P$2:$P$621,"ACIMA DA TABELA") -> 11304.31
A20: Atlântico Logística | B20: =COUNTIFS(Detalhe!$C$2:$C$621,A20,Detalhe!$P$2:$P$621,"<>SEM TARIFA NO CONTRATO") -> 79 | C20: =COUNTIFS(Detalhe!$C$2:$C$621,A20,Detalhe!$P$2:$P$621,"ACIMA DA TABELA") -> 37 | D20: =IF(B20=0,0,C20/B20) -> 0.46835443 | E20: =SUMIFS(Detalhe!$N$2:$N$621,Detalhe!$C$2:$C$621,A20,Detalhe!$P$2:$P$621,"ACIMA DA TABELA") -> 7294.88
A21: Norte Sul Fretes | B21: =COUNTIFS(Detalhe!$C$2:$C$621,A21,Detalhe!$P$2:$P$621,"<>SEM TARIFA NO CONTRATO") -> 72 | C21: =COUNTIFS(Detalhe!$C$2:$C$621,A21,Detalhe!$P$2:$P$621,"ACIMA DA TABELA") -> 6 | D21: =IF(B21=0,0,C21/B21) -> 0.083333333 | E21: =SUMIFS(Detalhe!$N$2:$N$621,Detalhe!$C$2:$C$621,A21,Detalhe!$P$2:$P$621,"ACIMA DA TABELA") -> 781.46
A22: TransLog Express | B22: =COUNTIFS(Detalhe!$C$2:$C$621,A22,Detalhe!$P$2:$P$621,"<>SEM TARIFA NO CONTRATO") -> 164 | C22: =COUNTIFS(Detalhe!$C$2:$C$621,A22,Detalhe!$P$2:$P$621,"ACIMA DA TABELA") -> 9 | D22: =IF(B22=0,0,C22/B22) -> 0.054878049 | E22: =SUMIFS(Detalhe!$N$2:$N$621,Detalhe!$C$2:$C$621,A22,Detalhe!$P$2:$P$621,"ACIMA DA TABELA") -> 451.04
A23: RodoFácil Transportes | B23: =COUNTIFS(Detalhe!$C$2:$C$621,A23,Detalhe!$P$2:$P$621,"<>SEM TARIFA NO CONTRATO") -> 155 | C23: =COUNTIFS(Detalhe!$C$2:$C$621,A23,Detalhe!$P$2:$P$621,"ACIMA DA TABELA") -> 9 | D23: =IF(B23=0,0,C23/B23) -> 0.058064516 | E23: =SUMIFS(Detalhe!$N$2:$N$621,Detalhe!$C$2:$C$621,A23,Detalhe!$P$2:$P$621,"ACIMA DA TABELA") -> 415.25
A25: Por mês de emissão (2026)
A26: Mês (nº) | B26: Faturas | C26: Acima da tabela | D26: Excesso (R$)
A27: 1 | B27: =COUNTIFS(Detalhe!$E$2:$E$621,A27,Detalhe!$P$2:$P$621,"<>SEM TARIFA NO CONTRATO") -> 60 | C27: =COUNTIFS(Detalhe!$E$2:$E$621,A27,Detalhe!$P$2:$P$621,"ACIMA DA TABELA") -> 9 | D27: =SUMIFS(Detalhe!$N$2:$N$621,Detalhe!$E$2:$E$621,A27,Detalhe!$P$2:$P$621,"ACIMA DA TABELA") -> 2324.66
A28: 2 | B28: =COUNTIFS(Detalhe!$E$2:$E$621,A28,Detalhe!$P$2:$P$621,"<>SEM TARIFA NO CONTRATO") -> 47 | C28: =COUNTIFS(Detalhe!$E$2:$E$621,A28,Detalhe!$P$2:$P$621,"ACIMA DA TABELA") -> 8 | D28: =SUMIFS(Detalhe!$N$2:$N$621,Detalhe!$E$2:$E$621,A28,Detalhe!$P$2:$P$621,"ACIMA DA TABELA") -> 1083.75
A29: 3 | B29: =COUNTIFS(Detalhe!$E$2:$E$621,A29,Detalhe!$P$2:$P$621,"<>SEM TARIFA NO CONTRATO") -> 88 | C29: =COUNTIFS(Detalhe!$E$2:$E$621,A29,Detalhe!$P$2:$P$621,"ACIMA DA TABELA") -> 13 | D29: =SUMIFS(Detalhe!$N$2:$N$621,Detalhe!$E$2:$E$621,A29,Detalhe!$P$2:$P$621,"ACIMA DA TABELA") -> 2105.87
A30: 4 | B30: =COUNTIFS(Detalhe!$E$2:$E$621,A30,Detalhe!$P$2:$P$621,"<>SEM TARIFA NO CONTRATO") -> 67 | C30: =COUNTIFS(Detalhe!$E$2:$E$621,A30,Detalhe!$P$2:$P$621,"ACIMA DA TABELA") -> 7 | D30: =SUMIFS(Detalhe!$N$2:$N$621,Detalhe!$E$2:$E$621,A30,Detalhe!$P$2:$P$621,"ACIMA DA TABELA") -> 1084.08
A31: 5 | B31: =COUNTIFS(Detalhe!$E$2:$E$621,A31,Detalhe!$P$2:$P$621,"<>SEM TARIFA NO CONTRATO") -> 79 | C31: =COUNTIFS(Detalhe!$E$2:$E$621,A31,Detalhe!$P$2:$P$621,"ACIMA DA TABELA") -> 15 | D31: =SUMIFS(Detalhe!$N$2:$N$621,Detalhe!$E$2:$E$621,A31,Detalhe!$P$2:$P$621,"ACIMA DA TABELA") -> 2663.86
A32: 6 | B32: =COUNTIFS(Detalhe!$E$2:$E$621,A32,Detalhe!$P$2:$P$621,"<>SEM TARIFA NO CONTRATO") -> 76 | C32: =COUNTIFS(Detalhe!$E$2:$E$621,A32,Detalhe!$P$2:$P$621,"ACIMA DA TABELA") -> 12 | D32: =SUMIFS(Detalhe!$N$2:$N$621,Detalhe!$E$2:$E$621,A32,Detalhe!$P$2:$P$621,"ACIMA DA TABELA") -> 4207.7
A33: 7 | B33: =COUNTIFS(Detalhe!$E$2:$E$621,A33,Detalhe!$P$2:$P$621,"<>SEM TARIFA NO CONTRATO") -> 71 | C33: =COUNTIFS(Detalhe!$E$2:$E$621,A33,Detalhe!$P$2:$P$621,"ACIMA DA TABELA") -> 14 | D33: =SUMIFS(Detalhe!$N$2:$N$621,Detalhe!$E$2:$E$621,A33,Detalhe!$P$2:$P$621,"ACIMA DA TABELA") -> 3284.15
A34: 8 | B34: =COUNTIFS(Detalhe!$E$2:$E$621,A34,Detalhe!$P$2:$P$621,"<>SEM TARIFA NO CONTRATO") -> 66 | C34: =COUNTIFS(Detalhe!$E$2:$E$621,A34,Detalhe!$P$2:$P$621,"ACIMA DA TABELA") -> 17 | D34: =SUMIFS(Detalhe!$N$2:$N$621,Detalhe!$E$2:$E$621,A34,Detalhe!$P$2:$P$621,"ACIMA DA TABELA") -> 2723.8
A35: 9 | B35: =COUNTIFS(Detalhe!$E$2:$E$621,A35,Detalhe!$P$2:$P$621,"<>SEM TARIFA NO CONTRATO") -> 54 | C35: =COUNTIFS(Detalhe!$E$2:$E$621,A35,Detalhe!$P$2:$P$621,"ACIMA DA TABELA") -> 9 | D35: =SUMIFS(Detalhe!$N$2:$N$621,Detalhe!$E$2:$E$621,A35,Detalhe!$P$2:$P$621,"ACIMA DA TABELA") -> 769.07

Sheet Detalhe
A1: Nº fatura | B1: CT-e | C1: Transportadora | D1: Data emissão | E1: Mês (nº) | F1: Rota | G1: Origem | H1: Destino | I1: Peso (kg) | J1: Tarifa (R$/kg) | K1: Frete mínimo (R$) | L1: Valor cobrado (R$) | M1: Valor tabela (R$) | N1: Diferença (R$) | O1: Diferença (%) | P1: Status
A2: NF-100001 | B2: CTE-0000001 | C2: TransLog Express | D2: 46023 | E2: =MONTH(D2) -> 1 | F2: R09 | G2: Curitiba/PR | H2: São Paulo/SP | I2: 3648.4 | J2: 0.856 | K2: 109.2 | L2: 3123.4 | M2: =IF(J2="","",ROUND(MAX(I2*J2,K2),2)) -> 3123.03 | N2: =IF(M2="","",ROUND(L2-M2,2)) -> 0.37 | O2: =IF(M2="","",N2/M2) -> 0.00011847469 | P2: =IF(M2="","SEM TARIFA NO CONTRATO",IF(N2>Resumo!$B$4,"ACIMA DA TABELA",IF(N2<-Resumo!$B$4,"ABAIXO DA TABELA","OK"))) -> OK
A3: NF-100002 | B3: CTE-0000002 | C3: Veloz Cargas | D3: 46023 | E3: =MONTH(D3) -> 1 | F3: R07 | G3: Campinas/SP | H3: Recife/PE | I3: 798 | J3: 4.884 | K3: 415.8 | L3: 4383.72 | M3: =IF(J3="","",ROUND(MAX(I3*J3,K3),2)) -> 3897.43 | N3: =IF(M3="","",ROUND(L3-M3,2)) -> 486.29 | O3: =IF(M3="","",N3/M3) -> 0.12477197 | P3: =IF(M3="","SEM TARIFA NO CONTRATO",IF(N3>Resumo!$B$4,"ACIMA DA TABELA",IF(N3<-Resumo!$B$4,"ABAIXO DA TABELA","OK"))) -> ACIMA DA TABELA
A4: NF-100003 | B4: CTE-0000003 | C4: RodoFácil Transportes | D4: 46023 | E4: =MONTH(D4) -> 1 | F4: R09 | G4: Curitiba/PR | H4: São Paulo/SP | I4: 277 | J4: 0.8132 | K4: 103.74 | L4: 225.39 | M4: =IF(J4="","",ROUND(MAX(I4*J4,K4),2)) -> 225.26 | N4: =IF(M4="","",ROUND(L4-M4,2)) -> 0.13 | O4: =IF(M4="","",N4/M4) -> 0.00057711089 | P4: =IF(M4="","SEM TARIFA NO CONTRATO",IF(N4>Resumo!$B$4,"ACIMA DA TABELA",IF(N4<-Resumo!$B$4,"ABAIXO DA TABELA","OK"))) -> OK
A5: NF-100004 | B5: CTE-0000004 | C5: RodoFácil Transportes | D5: 46024 | E5: =MONTH(D5) -> 1 | F5: R04 | G5: Campinas/SP | H5: Curitiba/PR | I5: 237.1 | J5: 0.8132 | K5: 103.74 | L5: 192.55 | M5: =IF(J5="","",ROUND(MAX(I5*J5,K5),2)) -> 192.81 | N5: =IF(M5="","",ROUND(L5-M5,2)) -> -0.26 | O5: =IF(M5="","",N5/M5) -> -0.0013484778 | P5: =IF(M5="","SEM TARIFA NO CONTRATO",IF(N5>Resumo!$B$4,"ACIMA DA TABELA",IF(N5<-Resumo!$B$4,"ABAIXO DA TABELA","OK"))) -> OK
A6: NF-100005 | B6: CTE-0000005 | C6: Atlântico Logística | D6: 46024 | E6: =MONTH(D6) -> 1 | F6: R04 | G6: Campinas/SP | H6: Curitiba/PR | I6: 402.1 | J6: 0.8988 | K6: 114.66 | L6: 361.35 | M6: =IF(J6="","",ROUND(MAX(I6*J6,K6),2)) -> 361.41 | N6: =IF(M6="","",ROUND(L6-M6,2)) -> -0.06 | O6: =IF(M6="","",N6/M6) -> -0.00016601644 | P6: =IF(M6="","SEM TARIFA NO CONTRATO",IF(N6>Resumo!$B$4,"ACIMA DA TABELA",IF(N6<-Resumo!$B$4,"ABAIXO DA TABELA","OK"))) -> OK
A7: NF-100006 | B7: CTE-0000006 | C7: RodoFácil Transportes | D7: 46025 | E7: =MONTH(D7) -> 1 | F7: R02 | G7: Campinas/SP | H7: Rio de Janeiro/RJ | I7: 53.7 | J7: 0.95 | K7: 114 | L7: 114.16 | M7: =IF(J7="","",ROUND(MAX(I7*J7,K7),2)) -> 114 | N7: =IF(M7="","",ROUND(L7-M7,2)) -> 0.16 | O7: =IF(M7="","",N7/M7) -> 0.0014035088 | P7: =IF(M7="","SEM TARIFA NO CONTRATO",IF(N7>Resumo!$B$4,"ACIMA DA TABELA",IF(N7<-Resumo!$B$4,"ABAIXO DA TABELA","OK"))) -> OK
A8: NF-100007 | B8: CTE-0000007 | C8: Norte Sul Fretes | D8: 46026 | E8: =MONTH(D8) -> 1 | F8: R04 | G8: Campinas/SP | H8: Curitiba/PR | I8: 631.6 | J8: 0.7875 | K8: 100.46 | L8: 497.49 | M8: =IF(J8="","",ROUND(MAX(I8*J8,K8),2)) -> 497.39 | N8: =IF(M8="","",ROUND(L8-M8,2)) -> 0.1 | O8: =IF(M8="","",N8/M8) -> 0.00020104948 | P8: =IF(M8="","SEM TARIFA NO CONTRATO",IF(N8>Resumo!$B$4,"ACIMA DA TABELA",IF(N8<-Resumo!$B$4,"ABAIXO DA TABELA","OK"))) -> OK
A9: NF-100008 | B9: CTE-0000008 | C9: TransLog Express | D9: 46027 | E9: =MONTH(D9) -> 1 | F9: R05 | G9: Campinas/SP | H9: Porto Alegre/RS | I9: 604.1 | J9: 1.96 | K9: 192 | L9: 1183.92 | M9: =IF(J9="","",ROUND(MAX(I9*J9,K9),2)) -> 1184.04 | N9: =IF(M9="","",ROUND(L9-M9,2)) -> -0.12 | O9: =IF(M9="","",N9/M9) -> -0.00010134793 | P9: =IF(M9="","SEM TARIFA NO CONTRATO",IF(N9>Resumo!$B$4,"ACIMA DA TABELA",IF(N9<-Resumo!$B$4,"ABAIXO DA TABELA","OK"))) -> OK
A10: NF-100009 | B10: CTE-0000009 | C10: Veloz Cargas | D10: 46028 | E10: =MONTH(D10) -> 1 | F10: R07 | G10: Campinas/SP | H10: Recife/PE | I10: 277.3 | J10: 4.884 | K10: 415.8 | L10: 1354.12 | M10: =IF(J10="","",ROUND(MAX(I10*J10,K10),2)) -> 1354.33 | N10: =IF(M10="","",ROUND(L10-M10,2)) -> -0.21 | O10: =IF(M10="","",N10/M10) -> -0.00015505822 | P10: =IF(M10="","SEM TARIFA NO CONTRATO",IF(N10>Resumo!$B$4,"ACIMA DA TABELA",IF(N10<-Resumo!$B$4,"ABAIXO DA TABELA","OK"))) -> OK
A11: NF-100010 | B11: CTE-0000010 | C11: Atlântico Logística | D11: 46029 | E11: =MONTH(D11) -> 1 | F11: R03 | G11: Campinas/SP | H11: Belo Horizonte/MG | I11: 1444.3 | J11: 1.2012 | K11: 137.34 | L11: 1734.62 | M11: =IF(J11="","",ROUND(MAX(I11*J11,K11),2)) -> 1734.89 | N11: =IF(M11="","",ROUND(L11-M11,2)) -> -0.27 | O11: =IF(M11="","",N11/M11) -> -0.00015562946 | P11: =IF(M11="","SEM TARIFA NO CONTRATO",IF(N11>Resumo!$B$4,"ACIMA DA TABELA",IF(N11<-Resumo!$B$4,"ABAIXO DA TABELA","OK"))) -> OK
A12: NF-100011 | B12: CTE-0000011 | C12: TransLog Express | D12: 46030 | E12: =MONTH(D12) -> 1 | F12: R03 | G12: Campinas/SP | H12: Belo Horizonte/MG | I12: 517.4 | J12: 1.144 | K12: 130.8 | L12: 591.51 | M12: =IF(J12="","",ROUND(MAX(I12*J12,K12),2)) -> 591.91 | N12: =IF(M12="","",ROUND(L12-M12,2)) -> -0.4 | O12: =IF(M12="","",N12/M12) -> -0.00067577841 | P12: =IF(M12="","SEM TARIFA NO CONTRATO",IF(N12>Resumo!$B$4,"ACIMA DA TABELA",IF(N12<-Resumo!$B$4,"ABAIXO DA TABELA","OK"))) -> OK
A13: NF-100012 | B13: CTE-0000012 | C13: Norte Sul Fretes | D13: 46031 | E13: =MONTH(D13) -> 1 | F13: R01 | G13: Campinas/SP | H13: São Paulo/SP | I13: 565 | J13: 0.3312 | K13: 66.24 | L13: 186.9 | M13: =IF(J13="","",ROUND(MAX(I13*J13,K13),2)) -> 187.13 | N13: =IF(M13="","",ROUND(L13-M13,2)) -> -0.23 | O13: =IF(M13="","",N13/M13) -> -0.0012290921 | P13: =IF(M13="","SEM TARIFA NO CONTRATO",IF(N13>Resumo!$B$4,"ACIMA DA TABELA",IF(N13<-Resumo!$B$4,"ABAIXO DA TABELA","OK"))) -> OK
... A23: NF-100022 | B23: CTE-0000022 | C23: Veloz Cargas | D23: 46037 | E23: =MONTH(D23) -> 1 | F23: R03 | G23: Campinas/SP | H23: Belo Horizonte/MG | I23: 161.4 | J23: 1.2584 | K23: 143.88 | L23: 203.44 | M23: =IF(J23="","",ROUND(MAX(I23*J23,K23),2)) -> 203.11 | N23: =IF(M23="","",ROUND(L23-M23,2)) -> 0.33 | O23: =IF(M23="","",N23/M23) -> 0.0016247354 | P23: =IF(M23="","SEM TARIFA NO CONTRATO",IF(N23>Resumo!$B$4,"ACIMA DA TABELA",IF(N23<-Resumo!$B$4,"ABAIXO DA TABELA","OK"))) -> OK
A24: NF-100023 | B24: CTE-0000023 | C24: Veloz Cargas | D24: 46037 | E24: =MONTH(D24) -> 1 | F24: R10 | G24: Curitiba/PR | H24: Porto Alegre/RS | I24: 1214.7 | L24: 2004.26 | M24: =IF(J24="","",ROUND(MAX(I24*J24,K24),2)) | N24: =IF(M24="","",ROUND(L24-M24,2)) | O24: =IF(M24="","",N24/M24) | P24: =IF(M24="","SEM TARIFA NO CONTRATO",IF(N24>Resumo!$B$4,"ACIMA DA TABELA",IF(N24<-Resumo!$B$4,"ABAIXO DA TABELA","OK"))) -> SEM TARIFA NO CONTRATO
A25: NF-100024 | B25: CTE-0000024 | C25: Veloz Cargas | D25: 46038 | E25: =MONTH(D25) -> 1 | F25: R02 | G25: Campinas/SP | H25: Rio de Janeiro/RJ | I25: 217.6 | J25: 1.1 | K25: 132 | L25: 239.44 | M25: =IF(J25="","",ROUND(MAX(I25*J25,K25),2)) -> 239.36 | N25: =IF(M25="","",ROUND(L25-M25,2)) -> 0.08 | O25: =IF(M25="","",N25/M25) -> 0.0003342246 | P25: =IF(M25="","SEM TARIFA NO CONTRATO",IF(N25>Resumo!$B$4,"ACIMA DA TABELA",IF(N25<-Resumo!$B$4,"ABAIXO DA TABELA","OK"))) -> OK
A26: NF-100025 | B26: CTE-0000025 | C26: Veloz Cargas | D26: 46039 | E26: =MONTH(D26) -> 1 | F26: R05 | G26: Campinas/SP | H26: Porto Alegre/RS | I26: 119.7 | J26: 2.156 | K26: 211.2 | L26: 258.24 | M26: =IF(J26="","",ROUND(MAX(I26*J26,K26),2)) -> 258.07 | N26: =IF(M26="","",ROUND(L26-M26,2)) -> 0.17 | O26: =IF(M26="","",N26/M26) -> 0.000658736 | P26: =IF(M26="","SEM TARIFA NO CONTRATO",IF(N26>Resumo!$B$4,"ACIMA DA TABELA",IF(N26<-Resumo!$B$4,"ABAIXO DA TABELA","OK"))) -> OK
A27: NF-100026 | B27: CTE-0000026 | C27: Veloz Cargas | D27: 46039 | E27: =MONTH(D27) -> 1 | F27: R05 | G27: Campinas/SP | H27: Porto Alegre/RS | I27: 717.2 | J27: 2.156 | K27: 211.2 | L27: 1697.86 | M27: =IF(J27="","",ROUND(MAX(I27*J27,K27),2)) -> 1546.28 | N27: =IF(M27="","",ROUND(L27-M27,2)) -> 151.58 | O27: =IF(M27="","",N27/M27) -> 0.098028818 | P27: =IF(M27="","SEM TARIFA NO CONTRATO",IF(N27>Resumo!$B$4,"ACIMA DA TABELA",IF(N27<-Resumo!$B$4,"ABAIXO DA TABELA","OK"))) -> ACIMA DA TABELA
A28: NF-100027 | B28: CTE-0000027 | C28: TransLog Express | D28: 46039 | E28: =MONTH(D28) -> 1 | F28: R09 | G28: Curitiba/PR | H28: São Paulo/SP | I28: 179.3 | J28: 0.856 | K28: 109.2 | L28: 159.85 | M28: =IF(J28="","",ROUND(MAX(I28*J28,K28),2)) -> 153.48 | N28: =IF(M28="","",ROUND(L28-M28,2)) -> 6.37 | O28: =IF(M28="","",N28/M28) -> 0.041503779 | P28: =IF(M28="","SEM TARIFA NO CONTRATO",IF(N28>Resumo!$B$4,"ACIMA DA TABELA",IF(N28<-Resumo!$B$4,"ABAIXO DA TABELA","OK"))) -> ACIMA DA TABELA
A29: NF-100028 | B29: CTE-0000028 | C29: Veloz Cargas | D29: 46039 | E29: =MONTH(D29) -> 1 | F29: R08 | G29: Campinas/SP | H29: Goiânia/GO | I29: 242.1 | J29: 1.8568 | K29: 188.76 | L29: 449.58 | M29: =IF(J29="","",ROUND(MAX(I29*J29,K29),2)) -> 449.53 | N29: =IF(M29="","",ROUND(L29-M29,2)) -> 0.05 | O29: =IF(M29="","",N29/M29) -> 0.00011122728 | P29: =IF(M29="","SEM TARIFA NO CONTRATO",IF(N29>Resumo!$B$4,"ACIMA DA TABELA",IF(N29<-Resumo!$B$4,"ABAIXO DA TABELA","OK"))) -> OK
A30: NF-100029 | B30: CTE-0000022 | C30: Veloz Cargas | D30: 46040 | E30: =MONTH(D30) -> 1 | F30: R03 | G30: Campinas/SP | H30: Belo Horizonte/MG | I30: 161.4 | J30: 1.2584 | K30: 143.88 | L30: 203.44 | M30: =IF(J30="","",ROUND(MAX(I30*J30,K30),2)) -> 203.11 | N30: =IF(M30="","",ROUND(L30-M30,2)) -> 0.33 | O30: =IF(M30="","",N30/M30) -> 0.0016247354 | P30: =IF(M30="","SEM TARIFA NO CONTRATO",IF(N30>Resumo!$B$4,"ACIMA DA TABELA",IF(N30<-Resumo!$B$4,"ABAIXO DA TABELA","OK"))) -> OK
A31: NF-100030 | B31: CTE-0000029 | C31: Veloz Cargas | D31: 46040 | E31: =MONTH(D31) -> 1 | F31: R06 | G31: Campinas/SP | H31: Salvador/BA | I31: 231.5 | J31: 3.6696 | K31: 324.72 | L31: 849.63 | M31: =IF(J31="","",ROUND(MAX(I31*J31,K31),2)) -> 849.51 | N31: =IF(M31="","",ROUND(L31-M31,2)) -> 0.12 | O31: =IF(M31="","",N31/M31) -> 0.0001412579 | P31: =IF(M31="","SEM TARIFA NO CONTRATO",IF(N31>Resumo!$B$4,"ACIMA DA TABELA",IF(N31<-Resumo!$B$4,"ABAIXO DA TABELA","OK"))) -> OK
A32: NF-100031 | B32: CTE-0000030 | C32: TransLog Express | D32: 46040 | E32: =MONTH(D32) -> 1 | F32: R05 | G32: Campinas/SP | H32: Porto Alegre/RS | I32: 382.9 | J32: 1.96 | K32: 192 | L32: 750.78 | M32: =IF(J32="","",ROUND(MAX(I32*J32,K32),2)) -> 750.48 | N32: =IF(M32="","",ROUND(L32-M32,2)) -> 0.3 | O32: =IF(M32="","",N32/M32) -> 0.00039974416 | P32: =IF(M32="","SEM TARIFA NO CONTRATO",IF(N32>Resumo!$B$4,"ACIMA DA TABELA",IF(N32<-Resumo!$B$4,"ABAIXO DA TABELA","OK"))) -> OK
A33: NF-100032 | B33: CTE-0000031 | C33: Norte Sul Fretes | D33: 46040 | E33: =MONTH(D33) -> 1 | F33: R08 | G33: Campinas/SP | H33: Goiânia/GO | I33: 611.9 | J33: 1.553 | K33: 157.87 | L33: 950 | M33: =IF(J33="","",ROUND(MAX(I33*J33,K33),2)) -> 950.28 | N33: =IF(M33="","",ROUND(L33-M33,2)) -> -0.28 | O33: =IF(M33="","",N33/M33) -> -0.00029465 | P33: =IF(M33="","SEM TARIFA NO CONTRATO",IF(N33>Resumo!$B$4,"ACIMA DA TABELA",IF(N33<-Resumo!$B$4,"ABAIXO DA TABELA","OK"))) -> OK
A34: NF-100033 | B34: CTE-0000032 | C34: TransLog Express | D34: 46040 | E34: =MONTH(D34) -> 1 | F34: R01 | G34: Campinas/SP | H34: São Paulo/SP | I34: 309.6 | J34: 0.36 | K34: 72 | L34: 111.82 | M34: =IF(J34="","",ROUND(MAX(I34*J34,K34),2)) -> 111.46 | N34: =IF(M34="","",ROUND(L34-M34,2)) -> 0.36 | O34: =IF(M34="","",N34/M34) -> 0.0032298582 | P34: =IF(M34="","SEM TARIFA NO CONTRATO",IF(N34>Resumo!$B$4,"ACIMA DA TABELA",IF(N34<-Resumo!$B$4,"ABAIXO DA TABELA","OK"))) -> OK
A35: NF-100034 | B35: CTE-0000033 | C35: RodoFácil Transportes | D35: 46040 | E35: =MONTH(D35) -> 1 | F35: R02 | G35: Campinas/SP | H35: Rio de Janeiro/RJ | I35: 1206.8 | J35: 0.95 | K35: 114 | L35: 1146.62 | M35: =IF(J35="","",ROUND(MAX(I35*J35,K35),2)) -> 1146.46 | N35: =IF(M35="","",ROUND(L35-M35,2)) -> 0.16 | O35: =IF(M35="","",N35/M35) -> 0.00013956004 | P35: =IF(M35="","SEM TARIFA NO CONTRATO",IF(N35>Resumo!$B$4,"ACIMA DA TABELA",IF(N35<-Resumo!$B$4,"ABAIXO DA TABELA","OK"))) -> OK
A36: NF-100035 | B36: CTE-0000034 | C36: Norte Sul Fretes | D36: 46040 | E36: =MONTH(D36) -> 1 | F36: R01 | G36: Campinas/SP | H36: São Paulo/SP | I36: 318.2 | J36: 0.3312 | K36: 66.24 | L36: 99.67 | M36: =IF(J36="","",ROUND(MAX(I36*J36,K36),2)) -> 105.39 | N36: =IF(M36="","",ROUND(L36-M36,2)) -> -5.72 | O36: =IF(M36="","",N36/M36) -> -0.054274599 | P36: =IF(M36="","SEM TARIFA NO CONTRATO",IF(N36>Resumo!$B$4,"ACIMA DA TABELA",IF(N36<-Resumo!$B$4,"ABAIXO DA TABELA","OK"))) -> ABAIXO DA TABELA
... A59: NF-100058 | B59: CTE-0000057 | C59: Atlântico Logística | D59: 46052 | E59: =MONTH(D59) -> 1 | F59: R10 | G59: Curitiba/PR | H59: Porto Alegre/RS | I59: 973.2 | J59: 1.386 | K59: 151.2 | L59: 1468.4 | M59: =IF(J59="","",ROUND(MAX(I59*J59,K59),2)) -> 1348.86 | N59: =IF(M59="","",ROUND(L59-M59,2)) -> 119.54 | O59: =IF(M59="","",N59/M59) -> 0.088622985 | P59: =IF(M59="","SEM TARIFA NO CONTRATO",IF(N59>Resumo!$B$4,"ACIMA DA TABELA",IF(N59<-Resumo!$B$4,"ABAIXO DA TABELA","OK"))) -> ACIMA DA TABELA
A60: NF-100059 | B60: CTE-0000058 | C60: Veloz Cargas | D60: 46052 | E60: =MONTH(D60) -> 1 | F60: R10 | G60: Curitiba/PR | H60: Porto Alegre/RS | I60: 558.4 | L60: 921.36 | M60: =IF(J60="","",ROUND(MAX(I60*J60,K60),2)) | N60: =IF(M60="","",ROUND(L60-M60,2)) | O60: =IF(M60="","",N60/M60) | P60: =IF(M60="","SEM TARIFA NO CONTRATO",IF(N60>Resumo!$B$4,"ACIMA DA TABELA",IF(N60<-Resumo!$B$4,"ABAIXO DA TABELA","OK"))) -> SEM TARIFA NO CONTRATO
A61: NF-100060 | B61: CTE-0000059 | C61: RodoFácil Transportes | D61: 46053 | E61: =MONTH(D61) -> 1 | F61: R09 | G61: Curitiba/PR | H61: São Paulo/SP | I61: 199.7 | J61: 0.8132 | K61: 103.74 | L61: 162.37 | M61: =IF(J61="","",ROUND(MAX(I61*J61,K61),2)) -> 162.4 | N61: =IF(M61="","",ROUND(L61-M61,2)) -> -0.03 | O61: =IF(M61="","",N61/M61) -> -0.00018472906 | P61: =IF(M61="","SEM TARIFA NO CONTRATO",IF(N61>Resumo!$B$4,"ACIMA DA TABELA",IF(N61<-Resumo!$B$4,"ABAIXO DA TABELA","OK"))) -> OK
A62: NF-100061 | B62: CTE-0000060 | C62: TransLog Express | D62: 46053 | E62: =MONTH(D62) -> 1 | F62: R04 | G62: Campinas/SP | H62: Curitiba/PR | I62: 129.1 | J62: 0.856 | K62: 109.2 | L62: 110.77 | M62: =IF(J62="","",ROUND(MAX(I62*J62,K62),2)) -> 110.51 | N62: =IF(M62="","",ROUND(L62-M62,2)) -> 0.26 | O62: =IF(M62="","",N62/M62) -> 0.0023527283 | P62: =IF(M62="","SEM TARIFA NO CONTRATO",IF(N62>Resumo!$B$4,"ACIMA DA TABELA",IF(N62<-Resumo!$B$4,"ABAIXO DA TABELA","OK"))) -> OK
A63: NF-100062 | B63: CTE-0000061 | C63: Veloz Cargas | D63: 46053 | E63: =MONTH(D63) -> 1 | F63: R05 | G63: Campinas/SP | H63: Porto Alegre/RS | I63: 2187.7 | J63: 2.156 | K63: 211.2 | L63: 5646.19 | M63: =IF(J63="","",ROUND(MAX(I63*J63,K63),2)) -> 4716.68 | N63: =IF(M63="","",ROUND(L63-M63,2)) -> 929.51 | O63: =IF(M63="","",N63/M63) -> 0.1970687 | P63: =IF(M63="","SEM TARIFA NO CONTRATO",IF(N63>Resumo!$B$4,"ACIMA DA TABELA",IF(N63<-Resumo!$B$4,"ABAIXO DA TABELA","OK"))) -> ACIMA DA TABELA
A64: NF-100063 | B64: CTE-0000062 | C64: Norte Sul Fretes | D64: 46054 | E64: =MONTH(D64) -> 2 | F64: R09 | G64: Curitiba/PR | H64: São Paulo/SP | I64: 953.5 | J64: 0.7875 | K64: 100.46 | L64: 750.93 | M64: =IF(J64="","",ROUND(MAX(I64*J64,K64),2)) -> 750.88 | N64: =IF(M64="","",ROUND(L64-M64,2)) -> 0.05 | O64: =IF(M64="","",N64/M64) -> 6.6588536e-05 | P64: =IF(M64="","SEM TARIFA NO CONTRATO",IF(N64>Resumo!$B$4,"ACIMA DA TABELA",IF(N64<-Resumo!$B$4,"ABAIXO DA TABELA","OK"))) -> OK
A65: NF-100064 | B65: CTE-0000063 | C65: Veloz Cargas | D65: 46055 | E65: =MONTH(D65) -> 2 | F65: R02 | G65: Campinas/SP | H65: Rio de Janeiro/RJ | I65: 275.5 | J65: 1.1 | K65: 132 | L65: 303.14 | M65: =IF(J65="","",ROUND(MAX(I65*J65,K65),2)) -> 303.05 | N65: =IF(M65="","",ROUND(L65-M65,2)) -> 0.09 | O65: =IF(M65="","",N65/M65) -> 0.0002969807 | P65: =IF(M65="","SEM TARIFA NO CONTRATO",IF(N65>Resumo!$B$4,"ACIMA DA TABELA",IF(N65<-Resumo!$B$4,"ABAIXO DA TABELA","OK"))) -> OK
A66: NF-100065 | B66: CTE-0000064 | C66: Veloz Cargas | D66: 46056 | E66: =MONTH(D66) -> 2 | F66: R02 | G66: Campinas/SP | H66: Rio de Janeiro/RJ | I66: 1004.7 | J66: 1.1 | K66: 132 | L66: 1105.39 | M66: =IF(J66="","",ROUND(MAX(I66*J66,K66),2)) -> 1105.17 | N66: =IF(M66="","",ROUND(L66-M66,2)) -> 0.22 | O66: =IF(M66="","",N66/M66) -> 0.0001990644 | P66: =IF(M66="","SEM TARIFA NO CONTRATO",IF(N66>Resumo!$B$4,"ACIMA DA TABELA",IF(N66<-Resumo!$B$4,"ABAIXO DA TABELA","OK"))) -> OK
A67: NF-100066 | B67: CTE-0000065 | C67: TransLog Express | D67: 46058 | E67: =MONTH(D67) -> 2 | F67: R01 | G67: Campinas/SP | H67: São Paulo/SP | I67: 2042.1 | J67: 0.36 | K67: 72 | L67: 734.99 | M67: =IF(J67="","",ROUND(MAX(I67*J67,K67),2)) -> 735.16 | N67: =IF(M67="","",ROUND(L67-M67,2)) -> -0.17 | O67: =IF(M67="","",N67/M67) -> -0.00023124218 | P67: =IF(M67="","SEM TARIFA NO CONTRATO",IF(N67>Resumo!$B$4,"ACIMA DA TABELA",IF(N67<-Resumo!$B$4,"ABAIXO DA TABELA","OK"))) -> OK
A68: NF-100067 | B68: CTE-0000066 | C68: RodoFácil Transportes | D68: 46058 | E68: =MONTH(D68) -> 2 | F68: R03 | G68: Campinas/SP | H68: Belo Horizonte/MG | I68: 372.3 | J68: 1.0868 | K68: 124.26 | L68: 404.72 | M68: =IF(J68="","",ROUND(MAX(I68*J68,K68),2)) -> 404.62 | N68: =IF(M68="","",ROUND(L68-M68,2)) -> 0.1 | O68: =IF(M68="","",N68/M68) -> 0.00024714547 | P68: =IF(M68="","SEM TARIFA NO CONTRATO",IF(N68>Resumo!$B$4,"ACIMA DA TABELA",IF(N68<-Resumo!$B$4,"ABAIXO DA TABELA","OK"))) -> OK
A69: NF-100068 | B69: CTE-0000067 | C69: TransLog Express | D69: 46058 | E69: =MONTH(D69) -> 2 | F69: R09 | G69: Curitiba/PR | H69: São Paulo/SP | I69: 2073.3 | J69: 0.856 | K69: 109.2 | L69: 1774.93 | M69: =IF(J69="","",ROUND(MAX(I69*J69,K69),2)) -> 1774.74 | N69: =IF(M69="","",ROUND(L69-M69,2)) -> 0.19 | O69: =IF(M69="","",N69/M69) -> 0.00010705794 | P69: =IF(M69="","SEM TARIFA NO CONTRATO",IF(N69>Resumo!$B$4,"ACIMA DA TABELA",IF(N69<-Resumo!$B$4,"ABAIXO DA TABELA","OK"))) -> OK
A70: NF-100069 | B70: CTE-0000068 | C70: TransLog Express | D70: 46059 | E70: =MONTH(D70) -> 2 | F70: R01 | G70: Campinas/SP | H70: São Paulo/SP | I70: 467.2 | J70: 0.36 | K70: 72 | L70: 167.89 | M70: =IF(J70="","",ROUND(MAX(I70*J70,K70),2)) -> 168.19 | N70: =IF(M70="","",ROUND(L70-M70,2)) -> -0.3 | O70: =IF(M70="","",N70/M70) -> -0.001783697 | P70: =IF(M70="","SEM TARIFA NO CONTRATO",IF(N70>Resumo!$B$4,"ACIMA DA TABELA",IF(N70<-Resumo!$B$4,"ABAIXO DA TABELA","OK"))) -> OK
A71: NF-100070 | B71: CTE-0000069 | C71: Veloz Cargas | D71: 46060 | E71: =MONTH(D71) -> 2 | F71: R02 | G71: Campinas/SP | H71: Rio de Janeiro/RJ | I71: 554.2 | J71: 1.1 | K71: 132 | L71: 609.33 | M71: =IF(J71="","",ROUND(MAX(I71*J71,K71),2)) -> 609.62 | N71: =IF(M71="","",ROUND(L71-M71,2)) -> -0.29 | O71: =IF(M71="","",N71/M71) -> -0.00047570618 | P71: =IF(M71="","SEM TARIFA NO CONTRATO",IF(N71>Resumo!$B$4,"ACIMA DA TABELA",IF(N71<-Resumo!$B$4,"ABAIXO DA TABELA","OK"))) -> OK
A72: NF-100071 | B72: CTE-0000070 | C72: TransLog Express | D72: 46060 | E72: =MONTH(D72) -> 2 | F72: R02 | G72: Campinas/SP | H72: Rio de Janeiro/RJ | I72: 237.3 | J72: 1 | K72: 120 | L72: 237.26 | M72: =IF(J72="","",ROUND(MAX(I72*J72,K72),2)) -> 237.3 | N72: =IF(M72="","",ROUND(L72-M72,2)) -> -0.04 | O72: =IF(M72="","",N72/M72) -> -0.000168563 | P72: =IF(M72="","SEM TARIFA NO CONTRATO",IF(N72>Resumo!$B$4,"ACIMA DA TABELA",IF(N72<-Resumo!$B$4,"ABAIXO DA TABELA","OK"))) -> OK
... A115: NF-100114 | B115: CTE-0000112 | C115: TransLog Express | D115: 46083 | E115: =MONTH(D115) -> 3 | F115: R05 | G115: Campinas/SP | H115: Porto Alegre/RS | I115: 517.4 | J115: 1.96 | K115: 192 | L115: 1013.87 | M115: =IF(J115="","",ROUND(MAX(I115*J115,K115),2)) -> 1014.1 | N115: =IF(M115="","",ROUND(L115-M115,2)) -> -0.23 | O115: =IF(M115="","",N115/M115) -> -0.00022680209 | P115: =IF(M115="","SEM TARIFA NO CONTRATO",IF(N115>Resumo!$B$4,"ACIMA DA TABELA",IF(N115<-Resumo!$B$4,"ABAIXO DA TABELA","OK"))) -> OK
A116: NF-100115 | B116: CTE-0000113 | C116: RodoFácil Transportes | D116: 46083 | E116: =MONTH(D116) -> 3 | F116: R05 | G116: Campinas/SP | H116: Porto Alegre/RS | I116: 163.8 | L116: 401.31 | M116: =IF(J116="","",ROUND(MAX(I116*J116,K116),2)) | N116: =IF(M116="","",ROUND(L116-M116,2)) | O116: =IF(M116="","",N116/M116) | P116: =IF(M116="","SEM TARIFA NO CONTRATO",IF(N116>Resumo!$B$4,"ACIMA DA TABELA",IF(N116<-Resumo!$B$4,"ABAIXO DA TABELA","OK"))) -> SEM TARIFA NO CONTRATO
A117: NF-100116 | B117: CTE-0000114 | C117: Norte Sul Fretes | D117: 46084 | E117: =MONTH(D117) -> 3 | F117: R07 | G117: Campinas/SP | H117: Recife/PE | I117: 2402.9 | J117: 4.0848 | K117: 347.76 | L117: 10336.73 | M117: =IF(J117="","",ROUND(MAX(I117*J117,K117),2)) -> 9815.37 | N117: =IF(M117="","",ROUND(L117-M117,2)) -> 521.36 | O117: =IF(M117="","",N117/M117) -> 0.053116694 | P117: =IF(M117="","SEM TARIFA NO CONTRATO",IF(N117>Resumo!$B$4,"ACIMA DA TABELA",IF(N117<-Resumo!$B$4,"ABAIXO DA TABELA","OK"))) -> ACIMA DA TABELA
A118: NF-100117 | B118: CTE-0000115 | C118: TransLog Express | D118: 46084 | E118: =MONTH(D118) -> 3 | F118: R03 | G118: Campinas/SP | H118: Belo Horizonte/MG | I118: 1413.3 | J118: 1.144 | K118: 130.8 | L118: 1616.45 | M118: =IF(J118="","",ROUND(MAX(I118*J118,K118),2)) -> 1616.82 | N118: =IF(M118="","",ROUND(L118-M118,2)) -> -0.37 | O118: =IF(M118="","",N118/M118) -> -0.00022884427 | P118: =IF(M118="","SEM TARIFA NO CONTRATO",IF(N118>Resumo!$B$4,"ACIMA DA TABELA",IF(N118<-Resumo!$B$4,"ABAIXO DA TABELA","OK"))) -> OK
A119: NF-100118 | B119: CTE-0000116 | C119: RodoFácil Transportes | D119: 46084 | E119: =MONTH(D119) -> 3 | F119: R10 | G119: Curitiba/PR | H119: Porto Alegre/RS | I119: 1031.1 | J119: 1.254 | K119: 136.8 | L119: 1218.26 | M119: =IF(J119="","",ROUND(MAX(I119*J119,K119),2)) -> 1293 | N119: =IF(M119="","",ROUND(L119-M119,2)) -> -74.74 | O119: =IF(M119="","",N119/M119) -> -0.057803558 | P119: =IF(M119="","SEM TARIFA NO CONTRATO",IF(N119>Resumo!$B$4,"ACIMA DA TABELA",IF(N119<-Resumo!$B$4,"ABAIXO DA TABELA","OK"))) -> ABAIXO DA TABELA
A120: NF-100119 | B120: CTE-0000117 | C120: Veloz Cargas | D120: 46088 | E120: =MONTH(D120) -> 3 | F120: R02 | G120: Campinas/SP | H120: Rio de Janeiro/RJ | I120: 1652.8 | J120: 1.1 | K120: 132 | L120: 1818.32 | M120: =IF(J120="","",ROUND(MAX(I120*J120,K120),2)) -> 1818.08 | N120: =IF(M120="","",ROUND(L120-M120,2)) -> 0.24 | O120: =IF(M120="","",N120/M120) -> 0.00013200739 | P120: =IF(M120="","SEM TARIFA NO CONTRATO",IF(N120>Resumo!$B$4,"ACIMA DA TABELA",IF(N120<-Resumo!$B$4,"ABAIXO DA TABELA","OK"))) -> OK
A121: NF-100120 | B121: CTE-0000118 | C121: Veloz Cargas | D121: 46089 | E121: =MONTH(D121) -> 3 | F121: R03 | G121: Campinas/SP | H121: Belo Horizonte/MG | I121: 153.7 | J121: 1.2584 | K121: 143.88 | L121: 205.89 | M121: =IF(J121="","",ROUND(MAX(I121*J121,K121),2)) -> 193.42 | N121: =IF(M121="","",ROUND(L121-M121,2)) -> 12.47 | O121: =IF(M121="","",N121/M121) -> 0.064471099 | P121: =IF(M121="","SEM TARIFA NO CONTRATO",IF(N121>Resumo!$B$4,"ACIMA DA TABELA",IF(N121<-Resumo!$B$4,"ABAIXO DA TABELA","OK"))) -> ACIMA DA TABELA
A122: NF-100121 | B122: CTE-0000119 | C122: Norte Sul Fretes | D122: 46089 | E122: =MONTH(D122) -> 3 | F122: R06 | G122: Campinas/SP | H122: Salvador/BA | I122: 143.3 | J122: 3.0691 | K122: 271.58 | L122: 460.61 | M122: =IF(J122="","",ROUND(MAX(I122*J122,K122),2)) -> 439.8 | N122: =IF(M122="","",ROUND(L122-M122,2)) -> 20.81 | O122: =IF(M122="","",N122/M122) -> 0.047316962 | P122: =IF(M122="","SEM TARIFA NO CONTRATO",IF(N122>Resumo!$B$4,"ACIMA DA TABELA",IF(N122<-Resumo!$B$4,"ABAIXO DA TABELA","OK"))) -> ACIMA DA TABELA
A123: NF-100122 | B123: CTE-0000120 | C123: Veloz Cargas | D123: 46090 | E123: =MONTH(D123) -> 3 | F123: R08 | G123: Campinas/SP | H123: Goiânia/GO | I123: 200.8 | J123: 1.8568 | K123: 188.76 | L123: 395.64 | M123: =IF(J123="","",ROUND(MAX(I123*J123,K123),2)) -> 372.85 | N123: =IF(M123="","",ROUND(L123-M123,2)) -> 22.79 | O123: =IF(M123="","",N123/M123) -> 0.061123776 | P123: =IF(M123="","SEM TARIFA NO CONTRATO",IF(N123>Resumo!$B$4,"ACIMA DA TABELA",IF(N123<-Resumo!$B$4,"ABAIXO DA TABELA","OK"))) -> ACIMA DA TABELA
A124: NF-100123 | B124: CTE-0000121 | C124: Atlântico Logística | D124: 46090 | E124: =MONTH(D124) -> 3 | F124: R06 | G124: Campinas/SP | H124: Salvador/BA | I124: 511.7 | J124: 3.5028 | K124: 309.96 | L124: 1792.03 | M124: =IF(J124="","",ROUND(MAX(I124*J124,K124),2)) -> 1792.38 | N124: =IF(M124="","",ROUND(L124-M124,2)) -> -0.35 | O124: =IF(M124="","",N124/M124) -> -0.00019527109 | P124: =IF(M124="","SEM TARIFA NO CONTRATO",IF(N124>Resumo!$B$4,"ACIMA DA TABELA",IF(N124<-Resumo!$B$4,"ABAIXO DA TABELA","OK"))) -> OK
A125: NF-100124 | B125: CTE-0000122 | C125: TransLog Express | D125: 46090 | E125: =MONTH(D125) -> 3 | F125: R01 | G125: Campinas/SP | H125: São Paulo/SP | I125: 665.8 | J125: 0.36 | K125: 72 | L125: 262.45 | M125: =IF(J125="","",ROUND(MAX(I125*J125,K125),2)) -> 239.69 | N125: =IF(M125="","",ROUND(L125-M125,2)) -> 22.76 | O125: =IF(M125="","",N125/M125) -> 0.094955985 | P125: =IF(M125="","SEM TARIFA NO CONTRATO",IF(N125>Resumo!$B$4,"ACIMA DA TABELA",IF(N125<-Resumo!$B$4,"ABAIXO DA TABELA","OK"))) -> ACIMA DA TABELA
A126: NF-100125 | B126: CTE-0000123 | C126: TransLog Express | D126: 46090 | E126: =MONTH(D126) -> 3 | F126: R04 | G126: Campinas/SP | H126: Curitiba/PR | I126: 471.2 | J126: 0.856 | K126: 109.2 | L126: 403.02 | M126: =IF(J126="","",ROUND(MAX(I126*J126,K126),2)) -> 403.35 | N126: =IF(M126="","",ROUND(L126-M126,2)) -> -0.33 | O126: =IF(M126="","",N126/M126) -> -0.00081814801 | P126: =IF(M126="","SEM TARIFA NO CONTRATO",IF(N126>Resumo!$B$4,"ACIMA DA TABELA",IF(N126<-Resumo!$B$4,"ABAIXO DA TABELA","OK"))) -> OK
A127: NF-100126 | B127: CTE-0000124 | C127: Atlântico Logística | D127: 46090 | E127: =MONTH(D127) -> 3 | F127: R03 | G127: Campinas/SP | H127: Belo Horizonte/MG | I127: 63.5 | J127: 1.2012 | K127: 137.34 | L127: 137.43 | M127: =IF(J127="","",ROUND(MAX(I127*J127,K127),2)) -> 137.34 | N127: =IF(M127="","",ROUND(L127-M127,2)) -> 0.09 | O127: =IF(M127="","",N127/M127) -> 0.00065530799 | P127: =IF(M127="","SEM TARIFA NO CONTRATO",IF(N127>Resumo!$B$4,"ACIMA DA TABELA",IF(N127<-Resumo!$B$4,"ABAIXO DA TABELA","OK"))) -> OK
A128: NF-100127 | B128: CTE-0000125 | C128: Veloz Cargas | D128: 46091 | E128: =MONTH(D128) -> 3 | F128: R06 | G128: Campinas/SP | H128: Salvador/BA | I128: 1365 | J128: 3.6696 | K128: 324.72 | L128: 5339.59 | M128: =IF(J128="","",ROUND(MAX(I128*J128,K128),2)) -> 5009 | N128: =IF(M128="","",ROUND(L128-M128,2)) -> 330.59 | O128: =IF(M128="","",N128/M128) -> 0.065999201 | P128: =IF(M128="","SEM TARIFA NO CONTRATO",IF(N128>Resumo!$B$4,"ACIMA DA TABELA",IF(N128<-Resumo!$B$4,"ABAIXO DA TABELA","OK"))) -> ACIMA DA TABELA
... A320: NF-100319 | B320: CTE-0000316 | C320: Veloz Cargas | D320: 46163 | E320: =MONTH(D320) -> 5 | F320: R06 | G320: Campinas/SP | H320: Salvador/BA | I320: 198.4 | J320: 3.6696 | K320: 324.72 | L320: 783.04 | M320: =IF(J320="","",ROUND(MAX(I320*J320,K320),2)) -> 728.05 | N320: =IF(M320="","",ROUND(L320-M320,2)) -> 54.99 | O320: =IF(M320="","",N320/M320) -> 0.075530527 | P320: =IF(M320="","SEM TARIFA NO CONTRATO",IF(N320>Resumo!$B$4,"ACIMA DA TABELA",IF(N320<-Resumo!$B$4,"ABAIXO DA TABELA","OK"))) -> ACIMA DA TABELA
A321: NF-100320 | B321: CTE-0000317 | C321: Norte Sul Fretes | D321: 46163 | E321: =MONTH(D321) -> 5 | F321: R02 | G321: Campinas/SP | H321: Rio de Janeiro/RJ | I321: 340.5 | L321: 425.62 | M321: =IF(J321="","",ROUND(MAX(I321*J321,K321),2)) | N321: =IF(M321="","",ROUND(L321-M321,2)) | O321: =IF(M321="","",N321/M321) | P321: =IF(M321="","SEM TARIFA NO CONTRATO",IF(N321>Resumo!$B$4,"ACIMA DA TABELA",IF(N321<-Resumo!$B$4,"ABAIXO DA TABELA","OK"))) -> SEM TARIFA NO CONTRATO
A322: NF-100321 | B322: CTE-0000318 | C322: RodoFácil Transportes | D322: 46164 | E322: =MONTH(D322) -> 5 | F322: R02 | G322: Campinas/SP | H322: Rio de Janeiro/RJ | I322: 936.7 | J322: 0.95 | K322: 114 | L322: 890.21 | M322: =IF(J322="","",ROUND(MAX(I322*J322,K322),2)) -> 889.87 | N322: =IF(M322="","",ROUND(L322-M322,2)) -> 0.34 | O322: =IF(M322="","",N322/M322) -> 0.00038207828 | P322: =IF(M322="","SEM TARIFA NO CONTRATO",IF(N322>Resumo!$B$4,"ACIMA DA TABELA",IF(N322<-Resumo!$B$4,"ABAIXO DA TABELA","OK"))) -> OK
A323: NF-100322 | B323: CTE-0000319 | C323: RodoFácil Transportes | D323: 46164 | E323: =MONTH(D323) -> 5 | F323: R10 | G323: Curitiba/PR | H323: Porto Alegre/RS | I323: 438.3 | J323: 1.254 | K323: 136.8 | L323: 549.23 | M323: =IF(J323="","",ROUND(MAX(I323*J323,K323),2)) -> 549.63 | N323: =IF(M323="","",ROUND(L323-M323,2)) -> -0.4 | O323: =IF(M323="","",N323/M323) -> -0.00072776231 | P323: =IF(M323="","SEM TARIFA NO CONTRATO",IF(N323>Resumo!$B$4,"ACIMA DA TABELA",IF(N323<-Resumo!$B$4,"ABAIXO DA TABELA","OK"))) -> OK
A324: NF-100323 | B324: CTE-0000320 | C324: RodoFácil Transportes | D324: 46165 | E324: =MONTH(D324) -> 5 | F324: R09 | G324: Curitiba/PR | H324: São Paulo/SP | I324: 318.6 | J324: 0.8132 | K324: 103.74 | L324: 259.27 | M324: =IF(J324="","",ROUND(MAX(I324*J324,K324),2)) -> 259.09 | N324: =IF(M324="","",ROUND(L324-M324,2)) -> 0.18 | O324: =IF(M324="","",N324/M324) -> 0.00069473928 | P324: =IF(M324="","SEM TARIFA NO CONTRATO",IF(N324>Resumo!$B$4,"ACIMA DA TABELA",IF(N324<-Resumo!$B$4,"ABAIXO DA TABELA","OK"))) -> OK
A325: NF-100324 | B325: CTE-0000321 | C325: RodoFácil Transportes | D325: 46165 | E325: =MONTH(D325) -> 5 | F325: R09 | G325: Curitiba/PR | H325: São Paulo/SP | I325: 5712.2 | J325: 0.8132 | K325: 103.74 | L325: 4645.12 | M325: =IF(J325="","",ROUND(MAX(I325*J325,K325),2)) -> 4645.16 | N325: =IF(M325="","",ROUND(L325-M325,2)) -> -0.04 | O325: =IF(M325="","",N325/M325) -> -8.6111135e-06 | P325: =IF(M325="","SEM TARIFA NO CONTRATO",IF(N325>Resumo!$B$4,"ACIMA DA TABELA",IF(N325<-Resumo!$B$4,"ABAIXO DA TABELA","OK"))) -> OK
A326: NF-100325 | B326: CTE-0000322 | C326: Veloz Cargas | D326: 46165 | E326: =MONTH(D326) -> 5 | F326: R03 | G326: Campinas/SP | H326: Belo Horizonte/MG | I326: 748.4 | J326: 1.2584 | K326: 143.88 | L326: 1001.8 | M326: =IF(J326="","",ROUND(MAX(I326*J326,K326),2)) -> 941.79 | N326: =IF(M326="","",ROUND(L326-M326,2)) -> 60.01 | O326: =IF(M326="","",N326/M326) -> 0.063719088 | P326: =IF(M326="","SEM TARIFA NO CONTRATO",IF(N326>Resumo!$B$4,"ACIMA DA TABELA",IF(N326<-Resumo!$B$4,"ABAIXO DA TABELA","OK"))) -> ACIMA DA TABELA
A327: NF-100326 | B327: CTE-0000323 | C327: Norte Sul Fretes | D327: 46166 | E327: =MONTH(D327) -> 5 | F327: R09 | G327: Curitiba/PR | H327: São Paulo/SP | I327: 1767.4 | J327: 0.7875 | K327: 100.46 | L327: 1391.99 | M327: =IF(J327="","",ROUND(MAX(I327*J327,K327),2)) -> 1391.83 | N327: =IF(M327="","",ROUND(L327-M327,2)) -> 0.16 | O327: =IF(M327="","",N327/M327) -> 0.00011495657 | P327: =IF(M327="","SEM TARIFA NO CONTRATO",IF(N327>Resumo!$B$4,"ACIMA DA TABELA",IF(N327<-Resumo!$B$4,"ABAIXO DA TABELA","OK"))) -> OK
A328: NF-100327 | B328: CTE-0000324 | C328: Veloz Cargas | D328: 46166 | E328: =MONTH(D328) -> 5 | F328: R02 | G328: Campinas/SP | H328: Rio de Janeiro/RJ | I328: 938.2 | J328: 1.1 | K328: 132 | L328: 1219.66 | M328: =IF(J328="","",ROUND(MAX(I328*J328,K328),2)) -> 1032.02 | N328: =IF(M328="","",ROUND(L328-M328,2)) -> 187.64 | O328: =IF(M328="","",N328/M328) -> 0.18181818 | P328: =IF(M328="","SEM TARIFA NO CONTRATO",IF(N328>Resumo!$B$4,"ACIMA DA TABELA",IF(N328<-Resumo!$B$4,"ABAIXO DA TABELA","OK"))) -> ACIMA DA TABELA
A329: NF-100328 | B329: CTE-0000325 | C329: Norte Sul Fretes | D329: 46166 | E329: =MONTH(D329) -> 5 | F329: R08 | G329: Campinas/SP | H329: Goiânia/GO | I329: 258.9 | J329: 1.553 | K329: 157.87 | L329: 401.99 | M329: =IF(J329="","",ROUND(MAX(I329*J329,K329),2)) -> 402.07 | N329: =IF(M329="","",ROUND(L329-M329,2)) -> -0.08 | O329: =IF(M329="","",N329/M329) -> -0.00019897033 | P329: =IF(M329="","SEM TARIFA NO CONTRATO",IF(N329>Resumo!$B$4,"ACIMA DA TABELA",IF(N329<-Resumo!$B$4,"ABAIXO DA TABELA","OK"))) -> OK
A330: NF-100329 | B330: CTE-0000326 | C330: Veloz Cargas | D330: 46167 | E330: =MONTH(D330) -> 5 | F330: R07 | G330: Campinas/SP | H330: Recife/PE | I330: 347.6 | J330: 4.884 | K330: 415.8 | L330: 1697.33 | M330: =IF(J330="","",ROUND(MAX(I330*J330,K330),2)) -> 1697.68 | N330: =IF(M330="","",ROUND(L330-M330,2)) -> -0.35 | O330: =IF(M330="","",N330/M330) -> -0.00020616371 | P330: =IF(M330="","SEM TARIFA NO CONTRATO",IF(N330>Resumo!$B$4,"ACIMA DA TABELA",IF(N330<-Resumo!$B$4,"ABAIXO DA TABELA","OK"))) -> OK
A331: NF-100330 | B331: CTE-0000327 | C331: RodoFácil Transportes | D331: 46167 | E331: =MONTH(D331) -> 5 | F331: R01 | G331: Campinas/SP | H331: São Paulo/SP | I331: 1020.8 | J331: 0.342 | K331: 68.4 | L331: 349.03 | M331: =IF(J331="","",ROUND(MAX(I331*J331,K331),2)) -> 349.11 | N331: =IF(M331="","",ROUND(L331-M331,2)) -> -0.08 | O331: =IF(M331="","",N331/M331) -> -0.00022915413 | P331: =IF(M331="","SEM TARIFA NO CONTRATO",IF(N331>Resumo!$B$4,"ACIMA DA TABELA",IF(N331<-Resumo!$B$4,"ABAIXO DA TABELA","OK"))) -> OK
A332: NF-100331 | B332: CTE-0000328 | C332: Veloz Cargas | D332: 46168 | E332: =MONTH(D332) -> 5 | F332: R05 | G332: Campinas/SP | H332: Porto Alegre/RS | I332: 804.1 | J332: 2.156 | K332: 211.2 | L332: 1821.98 | M332: =IF(J332="","",ROUND(MAX(I332*J332,K332),2)) -> 1733.64 | N332: =IF(M332="","",ROUND(L332-M332,2)) -> 88.34 | O332: =IF(M332="","",N332/M332) -> 0.050956369 | P332: =IF(M332="","SEM TARIFA NO CONTRATO",IF(N332>Resumo!$B$4,"ACIMA DA TABELA",IF(N332<-Resumo!$B$4,"ABAIXO DA TABELA","OK"))) -> ACIMA DA TABELA
A333: NF-100332 | B333: CTE-0000329 | C333: TransLog Express | D333: 46168 | E333: =MONTH(D333) -> 5 | F333: R01 | G333: Campinas/SP | H333: São Paulo/SP | I333: 107.5 | J333: 0.36 | K333: 72 | L333: 71.82 | M333: =IF(J333="","",ROUND(MAX(I333*J333,K333),2)) -> 72 | N333: =IF(M333="","",ROUND(L333-M333,2)) -> -0.18 | O333: =IF(M333="","",N333/M333) -> -0.0025 | P333: =IF(M333="","SEM TARIFA NO CONTRATO",IF(N333>Resumo!$B$4,"ACIMA DA TABELA",IF(N333<-Resumo!$B$4,"ABAIXO DA TABELA","OK"))) -> OK
... A339: NF-100338 | B339: CTE-0000335 | C339: Norte Sul Fretes | D339: 46170 | E339: =MONTH(D339) -> 5 | F339: R06 | G339: Campinas/SP | H339: Salvador/BA | I339: 1368.3 | J339: 3.0691 | K339: 271.58 | L339: 4199.44 | M339: =IF(J339="","",ROUND(MAX(I339*J339,K339),2)) -> 4199.45 | N339: =IF(M339="","",ROUND(L339-M339,2)) -> -0.01 | O339: =IF(M339="","",N339/M339) -> -2.3812642e-06 | P339: =IF(M339="","SEM TARIFA NO CONTRATO",IF(N339>Resumo!$B$4,"ACIMA DA TABELA",IF(N339<-Resumo!$B$4,"ABAIXO DA TABELA","OK"))) -> OK
A340: NF-100339 | B340: CTE-0000336 | C340: TransLog Express | D340: 46170 | E340: =MONTH(D340) -> 5 | F340: R06 | G340: Campinas/SP | H340: Salvador/BA | I340: 454.4 | L340: 1894.85 | M340: =IF(J340="","",ROUND(MAX(I340*J340,K340),2)) | N340: =IF(M340="","",ROUND(L340-M340,2)) | O340: =IF(M340="","",N340/M340) | P340: =IF(M340="","SEM TARIFA NO CONTRATO",IF(N340>Resumo!$B$4,"ACIMA DA TABELA",IF(N340<-Resumo!$B$4,"ABAIXO DA TABELA","OK"))) -> SEM TARIFA NO CONTRATO
A341: NF-100340 | B341: CTE-0000337 | C341: RodoFácil Transportes | D341: 46171 | E341: =MONTH(D341) -> 5 | F341: R09 | G341: Curitiba/PR | H341: São Paulo/SP | I341: 674.5 | J341: 0.8132 | K341: 103.74 | L341: 548.3 | M341: =IF(J341="","",ROUND(MAX(I341*J341,K341),2)) -> 548.5 | N341: =IF(M341="","",ROUND(L341-M341,2)) -> -0.2 | O341: =IF(M341="","",N341/M341) -> -0.00036463081 | P341: =IF(M341="","SEM TARIFA NO CONTRATO",IF(N341>Resumo!$B$4,"ACIMA DA TABELA",IF(N341<-Resumo!$B$4,"ABAIXO DA TABELA","OK"))) -> OK
A342: NF-100341 | B342: CTE-0000338 | C342: Atlântico Logística | D342: 46171 | E342: =MONTH(D342) -> 5 | F342: R04 | G342: Campinas/SP | H342: Curitiba/PR | I342: 554.2 | J342: 0.8988 | K342: 114.66 | L342: 498.5 | M342: =IF(J342="","",ROUND(MAX(I342*J342,K342),2)) -> 498.11 | N342: =IF(M342="","",ROUND(L342-M342,2)) -> 0.39 | O342: =IF(M342="","",N342/M342) -> 0.00078295959 | P342: =IF(M342="","SEM TARIFA NO CONTRATO",IF(N342>Resumo!$B$4,"ACIMA DA TABELA",IF(N342<-Resumo!$B$4,"ABAIXO DA TABELA","OK"))) -> OK
A343: NF-100342 | B343: CTE-0000339 | C343: Norte Sul Fretes | D343: 46171 | E343: =MONTH(D343) -> 5 | F343: R06 | G343: Campinas/SP | H343: Salvador/BA | I343: 5214.3 | J343: 3.0691 | K343: 271.58 | L343: 16003.22 | M343: =IF(J343="","",ROUND(MAX(I343*J343,K343),2)) -> 16003.21 | N343: =IF(M343="","",ROUND(L343-M343,2)) -> 0.01 | O343: =IF(M343="","",N343/M343) -> 6.2487463e-07 | P343: =IF(M343="","SEM TARIFA NO CONTRATO",IF(N343>Resumo!$B$4,"ACIMA DA TABELA",IF(N343<-Resumo!$B$4,"ABAIXO DA TABELA","OK"))) -> OK
A344: NF-100343 | B344: CTE-0000340 | C344: Atlântico Logística | D344: 46171 | E344: =MONTH(D344) -> 5 | F344: R02 | G344: Campinas/SP | H344: Rio de Janeiro/RJ | I344: 1066.4 | L344: 1333 | M344: =IF(J344="","",ROUND(MAX(I344*J344,K344),2)) | N344: =IF(M344="","",ROUND(L344-M344,2)) | O344: =IF(M344="","",N344/M344) | P344: =IF(M344="","SEM TARIFA NO CONTRATO",IF(N344>Resumo!$B$4,"ACIMA DA TABELA",IF(N344<-Resumo!$B$4,"ABAIXO DA TABELA","OK"))) -> SEM TARIFA NO CONTRATO
A345: NF-100344 | B345: CTE-0000341 | C345: TransLog Express | D345: 46172 | E345: =MONTH(D345) -> 5 | F345: R01 | G345: Campinas/SP | H345: São Paulo/SP | I345: 698.4 | J345: 0.36 | K345: 72 | L345: 251.72 | M345: =IF(J345="","",ROUND(MAX(I345*J345,K345),2)) -> 251.42 | N345: =IF(M345="","",ROUND(L345-M345,2)) -> 0.3 | O345: =IF(M345="","",N345/M345) -> 0.0011932225 | P345: =IF(M345="","SEM TARIFA NO CONTRATO",IF(N345>Resumo!$B$4,"ACIMA DA TABELA",IF(N345<-Resumo!$B$4,"ABAIXO DA TABELA","OK"))) -> OK
A346: NF-100345 | B346: CTE-0000342 | C346: Atlântico Logística | D346: 46173 | E346: =MONTH(D346) -> 5 | F346: R03 | G346: Campinas/SP | H346: Belo Horizonte/MG | I346: 122.2 | J346: 1.2012 | K346: 137.34 | L346: 146.63 | M346: =IF(J346="","",ROUND(MAX(I346*J346,K346),2)) -> 146.79 | N346: =IF(M346="","",ROUND(L346-M346,2)) -> -0.16 | O346: =IF(M346="","",N346/M346) -> -0.0010899925 | P346: =IF(M346="","SEM TARIFA NO CONTRATO",IF(N346>Resumo!$B$4,"ACIMA DA TABELA",IF(N346<-Resumo!$B$4,"ABAIXO DA TABELA","OK"))) -> OK
A347: NF-100346 | B347: CTE-0000343 | C347: Veloz Cargas | D347: 46173 | E347: =MONTH(D347) -> 5 | F347: R07 | G347: Campinas/SP | H347: Recife/PE | I347: 372.5 | J347: 4.884 | K347: 415.8 | L347: 2048.64 | M347: =IF(J347="","",ROUND(MAX(I347*J347,K347),2)) -> 1819.29 | N347: =IF(M347="","",ROUND(L347-M347,2)) -> 229.35 | O347: =IF(M347="","",N347/M347) -> 0.12606566 | P347: =IF(M347="","SEM TARIFA NO CONTRATO",IF(N347>Resumo!$B$4,"ACIMA DA TABELA",IF(N347<-Resumo!$B$4,"ABAIXO DA TABELA","OK"))) -> ACIMA DA TABELA
A348: NF-100347 | B348: CTE-0000344 | C348: Atlântico Logística | D348: 46173 | E348: =MONTH(D348) -> 5 | F348: R07 | G348: Campinas/SP | H348: Recife/PE | I348: 560.8 | J348: 4.662 | K348: 396.9 | L348: 2614.5 | M348: =IF(J348="","",ROUND(MAX(I348*J348,K348),2)) -> 2614.45 | N348: =IF(M348="","",ROUND(L348-M348,2)) -> 0.05 | O348: =IF(M348="","",N348/M348) -> 1.9124481e-05 | P348: =IF(M348="","SEM TARIFA NO CONTRATO",IF(N348>Resumo!$B$4,"ACIMA DA TABELA",IF(N348<-Resumo!$B$4,"ABAIXO DA TABELA","OK"))) -> OK
A349: NF-100348 | B349: CTE-0000345 | C349: RodoFácil Transportes | D349: 46174 | E349: =MONTH(D349) -> 6 | F349: R02 | G349: Campinas/SP | H349: Rio de Janeiro/RJ | I349: 726 | J349: 0.95 | K349: 114 | L349: 769.9 | M349: =IF(J349="","",ROUND(MAX(I349*J349,K349),2)) -> 689.7 | N349: =IF(M349="","",ROUND(L349-M349,2)) -> 80.2 | O349: =IF(M349="","",N349/M349) -> 0.11628244 | P349: =IF(M349="","SEM TARIFA NO CONTRATO",IF(N349>Resumo!$B$4,"ACIMA DA TABELA",IF(N349<-Resumo!$B$4,"ABAIXO DA TABELA","OK"))) -> ACIMA DA TABELA
A350: NF-100349 | B350: CTE-0000346 | C350: RodoFácil Transportes | D350: 46174 | E350: =MONTH(D350) -> 6 | F350: R03 | G350: Campinas/SP | H350: Belo Horizonte/MG | I350: 220.9 | J350: 1.0868 | K350: 124.26 | L350: 240.22 | M350: =IF(J350="","",ROUND(MAX(I350*J350,K350),2)) -> 240.07 | N350: =IF(M350="","",ROUND(L350-M350,2)) -> 0.15 | O350: =IF(M350="","",N350/M350) -> 0.00062481776 | P350: =IF(M350="","SEM TARIFA NO CONTRATO",IF(N350>Resumo!$B$4,"ACIMA DA TABELA",IF(N350<-Resumo!$B$4,"ABAIXO DA TABELA","OK"))) -> OK
A351: NF-100350 | B351: CTE-0000347 | C351: Veloz Cargas | D351: 46174 | E351: =MONTH(D351) -> 6 | F351: R02 | G351: Campinas/SP | H351: Rio de Janeiro/RJ | I351: 2450.5 | J351: 1.1 | K351: 132 | L351: 3110.31 | M351: =IF(J351="","",ROUND(MAX(I351*J351,K351),2)) -> 2695.55 | N351: =IF(M351="","",ROUND(L351-M351,2)) -> 414.76 | O351: =IF(M351="","",N351/M351) -> 0.15386841 | P351: =IF(M351="","SEM TARIFA NO CONTRATO",IF(N351>Resumo!$B$4,"ACIMA DA TABELA",IF(N351<-Resumo!$B$4,"ABAIXO DA TABELA","OK"))) -> ACIMA DA TABELA
A352: NF-100351 | B352: CTE-0000348 | C352: RodoFácil Transportes | D352: 46175 | E352: =MONTH(D352) -> 6 | F352: R04 | G352: Campinas/SP | H352: Curitiba/PR | I352: 223 | J352: 0.8132 | K352: 103.74 | L352: 181.43 | M352: =IF(J352="","",ROUND(MAX(I352*J352,K352),2)) -> 181.34 | N352: =IF(M352="","",ROUND(L352-M352,2)) -> 0.09 | O352: =IF(M352="","",N352/M352) -> 0.00049630528 | P352: =IF(M352="","SEM TARIFA NO CONTRATO",IF(N352>Resumo!$B$4,"ACIMA DA TABELA",IF(N352<-Resumo!$B$4,"ABAIXO DA TABELA","OK"))) -> OK
A353: NF-100352 | B353: CTE-0000349 | C353: Veloz Cargas | D353: 46175 | E353: =MONTH(D353) -> 6 | F353: R03 | G353: Campinas/SP | H353: Belo Horizonte/MG | I353: 89.4 | J353: 1.2584 | K353: 143.88 | L353: 144.03 | M353: =IF(J353="","",ROUND(MAX(I353*J353,K353),2)) -> 143.88 | N353: =IF(M353="","",ROUND(L353-M353,2)) -> 0.15 | O353: =IF(M353="","",N353/M353) -> 0.0010425354 | P353: =IF(M353="","SEM TARIFA NO CONTRATO",IF(N353>Resumo!$B$4,"ACIMA DA TABELA",IF(N353<-Resumo!$B$4,"ABAIXO DA TABELA","OK"))) -> OK
A354: NF-100353 | B354: CTE-0000350 | C354: Norte Sul Fretes | D354: 46175 | E354: =MONTH(D354) -> 6 | F354: R06 | G354: Campinas/SP | H354: Salvador/BA | I354: 181.9 | J354: 3.0691 | K354: 271.58 | L354: 657.18 | M354: =IF(J354="","",ROUND(MAX(I354*J354,K354),2)) -> 558.27 | N354: =IF(M354="","",ROUND(L354-M354,2)) -> 98.91 | O354: =IF(M354="","",N354/M354) -> 0.17717234 | P354: =IF(M354="","SEM TARIFA NO CONTRATO",IF(N354>Resumo!$B$4,"ACIMA DA TABELA",IF(N354<-Resumo!$B$4,"ABAIXO DA TABELA","OK"))) -> ACIMA DA TABELA
A355: NF-100354 | B355: CTE-0000351 | C355: TransLog Express | D355: 46176 | E355: =MONTH(D355) -> 6 | F355: R09 | G355: Curitiba/PR | H355: São Paulo/SP | I355: 194.3 | J355: 0.856 | K355: 109.2 | L355: 189.5 | M355: =IF(J355="","",ROUND(MAX(I355*J355,K355),2)) -> 166.32 | N355: =IF(M355="","",ROUND(L355-M355,2)) -> 23.18 | O355: =IF(M355="","",N355/M355) -> 0.13936989 | P355: =IF(M355="","SEM TARIFA NO CONTRATO",IF(N355>Resumo!$B$4,"ACIMA DA TABELA",IF(N355<-Resumo!$B$4,"ABAIXO DA TABELA","OK"))) -> ACIMA DA TABELA
A356: NF-100355 | B356: CTE-0000352 | C356: Veloz Cargas | D356: 46176 | E356: =MONTH(D356) -> 6 | F356: R08 | G356: Campinas/SP | H356: Goiânia/GO | I356: 1089.8 | J356: 1.8568 | K356: 188.76 | L356: 2023.85 | M356: =IF(J356="","",ROUND(MAX(I356*J356,K356),2)) -> 2023.54 | N356: =IF(M356="","",ROUND(L356-M356,2)) -> 0.31 | O356: =IF(M356="","",N356/M356) -> 0.00015319687 | P356: =IF(M356="","SEM TARIFA NO CONTRATO",IF(N356>Resumo!$B$4,"ACIMA DA TABELA",IF(N356<-Resumo!$B$4,"ABAIXO DA TABELA","OK"))) -> OK
... A367: NF-100366 | B367: CTE-0000363 | C367: RodoFácil Transportes | D367: 46180 | E367: =MONTH(D367) -> 6 | F367: R09 | G367: Curitiba/PR | H367: São Paulo/SP | I367: 134.2 | J367: 0.8132 | K367: 103.74 | L367: 108.92 | M367: =IF(J367="","",ROUND(MAX(I367*J367,K367),2)) -> 109.13 | N367: =IF(M367="","",ROUND(L367-M367,2)) -> -0.21 | O367: =IF(M367="","",N367/M367) -> -0.0019243105 | P367: =IF(M367="","SEM TARIFA NO CONTRATO",IF(N367>Resumo!$B$4,"ACIMA DA TABELA",IF(N367<-Resumo!$B$4,"ABAIXO DA TABELA","OK"))) -> OK
A368: NF-100367 | B368: CTE-0000364 | C368: Veloz Cargas | D368: 46180 | E368: =MONTH(D368) -> 6 | F368: R04 | G368: Campinas/SP | H368: Curitiba/PR | I368: 98.8 | L368: 120 | M368: =IF(J368="","",ROUND(MAX(I368*J368,K368),2)) | N368: =IF(M368="","",ROUND(L368-M368,2)) | O368: =IF(M368="","",N368/M368) | P368: =IF(M368="","SEM TARIFA NO CONTRATO",IF(N368>Resumo!$B$4,"ACIMA DA TABELA",IF(N368<-Resumo!$B$4,"ABAIXO DA TABELA","OK"))) -> SEM TARIFA NO CONTRATO
A369: NF-100368 | B369: CTE-0000365 | C369: TransLog Express | D369: 46181 | E369: =MONTH(D369) -> 6 | F369: R01 | G369: Campinas/SP | H369: São Paulo/SP | I369: 258.1 | J369: 0.36 | K369: 72 | L369: 93.13 | M369: =IF(J369="","",ROUND(MAX(I369*J369,K369),2)) -> 92.92 | N369: =IF(M369="","",ROUND(L369-M369,2)) -> 0.21 | O369: =IF(M369="","",N369/M369) -> 0.0022600086 | P369: =IF(M369="","SEM TARIFA NO CONTRATO",IF(N369>Resumo!$B$4,"ACIMA DA TABELA",IF(N369<-Resumo!$B$4,"ABAIXO DA TABELA","OK"))) -> OK
A370: NF-100369 | B370: CTE-0000366 | C370: Norte Sul Fretes | D370: 46181 | E370: =MONTH(D370) -> 6 | F370: R07 | G370: Campinas/SP | H370: Recife/PE | I370: 88.2 | J370: 4.0848 | K370: 347.76 | L370: 359.9 | M370: =IF(J370="","",ROUND(MAX(I370*J370,K370),2)) -> 360.28 | N370: =IF(M370="","",ROUND(L370-M370,2)) -> -0.38 | O370: =IF(M370="","",N370/M370) -> -0.0010547352 | P370: =IF(M370="","SEM TARIFA NO CONTRATO",IF(N370>Resumo!$B$4,"ACIMA DA TABELA",IF(N370<-Resumo!$B$4,"ABAIXO DA TABELA","OK"))) -> OK
A371: NF-100370 | B371: CTE-0000367 | C371: RodoFácil Transportes | D371: 46181 | E371: =MONTH(D371) -> 6 | F371: R09 | G371: Curitiba/PR | H371: São Paulo/SP | I371: 1665.8 | J371: 0.8132 | K371: 103.74 | L371: 1354.41 | M371: =IF(J371="","",ROUND(MAX(I371*J371,K371),2)) -> 1354.63 | N371: =IF(M371="","",ROUND(L371-M371,2)) -> -0.22 | O371: =IF(M371="","",N371/M371) -> -0.00016240597 | P371: =IF(M371="","SEM TARIFA NO CONTRATO",IF(N371>Resumo!$B$4,"ACIMA DA TABELA",IF(N371<-Resumo!$B$4,"ABAIXO DA TABELA","OK"))) -> OK
A372: NF-100371 | B372: CTE-0000368 | C372: Norte Sul Fretes | D372: 46182 | E372: =MONTH(D372) -> 6 | F372: R08 | G372: Campinas/SP | H372: Goiânia/GO | I372: 286.4 | J372: 1.553 | K372: 157.87 | L372: 444.55 | M372: =IF(J372="","",ROUND(MAX(I372*J372,K372),2)) -> 444.78 | N372: =IF(M372="","",ROUND(L372-M372,2)) -> -0.23 | O372: =IF(M372="","",N372/M372) -> -0.00051710958 | P372: =IF(M372="","SEM TARIFA NO CONTRATO",IF(N372>Resumo!$B$4,"ACIMA DA TABELA",IF(N372<-Resumo!$B$4,"ABAIXO DA TABELA","OK"))) -> OK
A373: NF-100372 | B373: CTE-0000369 | C373: Atlântico Logística | D373: 46182 | E373: =MONTH(D373) -> 6 | F373: R05 | G373: Campinas/SP | H373: Porto Alegre/RS | I373: 160.3 | J373: 2.058 | K373: 201.6 | L373: 329.91 | M373: =IF(J373="","",ROUND(MAX(I373*J373,K373),2)) -> 329.9 | N373: =IF(M373="","",ROUND(L373-M373,2)) -> 0.01 | O373: =IF(M373="","",N373/M373) -> 3.0312216e-05 | P373: =IF(M373="","SEM TARIFA NO CONTRATO",IF(N373>Resumo!$B$4,"ACIMA DA TABELA",IF(N373<-Resumo!$B$4,"ABAIXO DA TABELA","OK"))) -> OK
A374: NF-100373 | B374: CTE-0000370 | C374: TransLog Express | D374: 46183 | E374: =MONTH(D374) -> 6 | F374: R03 | G374: Campinas/SP | H374: Belo Horizonte/MG | I374: 278.8 | J374: 1.144 | K374: 130.8 | L374: 319.34 | M374: =IF(J374="","",ROUND(MAX(I374*J374,K374),2)) -> 318.95 | N374: =IF(M374="","",ROUND(L374-M374,2)) -> 0.39 | O374: =IF(M374="","",N374/M374) -> 0.0012227622 | P374: =IF(M374="","SEM TARIFA NO CONTRATO",IF(N374>Resumo!$B$4,"ACIMA DA TABELA",IF(N374<-Resumo!$B$4,"ABAIXO DA TABELA","OK"))) -> OK
A375: NF-100374 | B375: CTE-0000371 | C375: Atlântico Logística | D375: 46183 | E375: =MONTH(D375) -> 6 | F375: R05 | G375: Campinas/SP | H375: Porto Alegre/RS | I375: 636.6 | J375: 2.058 | K375: 201.6 | L375: 1310.22 | M375: =IF(J375="","",ROUND(MAX(I375*J375,K375),2)) -> 1310.12 | N375: =IF(M375="","",ROUND(L375-M375,2)) -> 0.1 | O375: =IF(M375="","",N375/M375) -> 7.6328886e-05 | P375: =IF(M375="","SEM TARIFA NO CONTRATO",IF(N375>Resumo!$B$4,"ACIMA DA TABELA",IF(N375<-Resumo!$B$4,"ABAIXO DA TABELA","OK"))) -> OK
A376: NF-100375 | B376: CTE-0000372 | C376: Veloz Cargas | D376: 46183 | E376: =MONTH(D376) -> 6 | F376: R06 | G376: Campinas/SP | H376: Salvador/BA | I376: 40 | J376: 3.6696 | K376: 324.72 | L376: 324.78 | M376: =IF(J376="","",ROUND(MAX(I376*J376,K376),2)) -> 324.72 | N376: =IF(M376="","",ROUND(L376-M376,2)) -> 0.06 | O376: =IF(M376="","",N376/M376) -> 0.00018477458 | P376: =IF(M376="","SEM TARIFA NO CONTRATO",IF(N376>Resumo!$B$4,"ACIMA DA TABELA",IF(N376<-Resumo!$B$4,"ABAIXO DA TABELA","OK"))) -> OK
A377: NF-100376 | B377: CTE-0000373 | C377: Atlântico Logística | D377: 46184 | E377: =MONTH(D377) -> 6 | F377: R06 | G377: Campinas/SP | H377: Salvador/BA | I377: 152.7 | J377: 3.5028 | K377: 309.96 | L377: 591.56 | M377: =IF(J377="","",ROUND(MAX(I377*J377,K377),2)) -> 534.88 | N377: =IF(M377="","",ROUND(L377-M377,2)) -> 56.68 | O377: =IF(M377="","",N377/M377) -> 0.10596769 | P377: =IF(M377="","SEM TARIFA NO CONTRATO",IF(N377>Resumo!$B$4,"ACIMA DA TABELA",IF(N377<-Resumo!$B$4,"ABAIXO DA TABELA","OK"))) -> ACIMA DA TABELA
A378: NF-100377 | B378: CTE-0000374 | C378: Veloz Cargas | D378: 46184 | E378: =MONTH(D378) -> 6 | F378: R07 | G378: Campinas/SP | H378: Recife/PE | I378: 924.6 | J378: 4.884 | K378: 415.8 | L378: 4515.8 | M378: =IF(J378="","",ROUND(MAX(I378*J378,K378),2)) -> 4515.75 | N378: =IF(M378="","",ROUND(L378-M378,2)) -> 0.05 | O378: =IF(M378="","",N378/M378) -> 1.1072358e-05 | P378: =IF(M378="","SEM TARIFA NO CONTRATO",IF(N378>Resumo!$B$4,"ACIMA DA TABELA",IF(N378<-Resumo!$B$4,"ABAIXO DA TABELA","OK"))) -> OK
A379: NF-100378 | B379: CTE-0000375 | C379: Veloz Cargas | D379: 46184 | E379: =MONTH(D379) -> 6 | F379: R05 | G379: Campinas/SP | H379: Porto Alegre/RS | I379: 1219.3 | J379: 2.156 | K379: 211.2 | L379: 2628.92 | M379: =IF(J379="","",ROUND(MAX(I379*J379,K379),2)) -> 2628.81 | N379: =IF(M379="","",ROUND(L379-M379,2)) -> 0.11 | O379: =IF(M379="","",N379/M379) -> 4.1844028e-05 | P379: =IF(M379="","SEM TARIFA NO CONTRATO",IF(N379>Resumo!$B$4,"ACIMA DA TABELA",IF(N379<-Resumo!$B$4,"ABAIXO DA TABELA","OK"))) -> OK
...

Sheet Duplicidades
A1: CT-e | B1: Qtd. faturas | C1: Faturas | D1: Transportadora | E1: Total cobrado (R$) | F1: Valor a mais (R$)
A2: CTE-0000495 | B2: 2 | C2: NF-100501 | NF-100507 | D2: Veloz Cargas | E2: 6618.52 | F2: 3309.26
A3: CTE-0000377 | B3: 2 | C3: NF-100381 | NF-100383 | D3: Atlântico Logística | E3: 2630.38 | F3: 1315.19
A4: CTE-0000506 | B4: 2 | C4: NF-100513 | NF-100521 | D4: RodoFácil Transportes | E4: 936.24 | F4: 468.12
A5: CTE-0000123 | B5: 2 | C5: NF-100125 | NF-100138 | D5: TransLog Express | E5: 806.04 | F5: 403.02
A6: CTE-0000101 | B6: 2 | C6: NF-100102 | NF-100110 | D6: TransLog Express | E6: 698.44 | F6: 349.22
A7: CTE-0000372 | B7: 2 | C7: NF-100375 | NF-100386 | D7: Veloz Cargas | E7: 649.56 | F7: 324.78
A8: CTE-0000022 | B8: 2 | C8: NF-100022 | NF-100029 | D8: Veloz Cargas | E8: 406.88 | F8: 203.44
A9: CTE-0000365 | B9: 2 | C9: NF-100368 | NF-100379 | D9: TransLog Express | E9: 186.26 | F9: 93.13
A11: Fonte: view vw_duplicidades (sql/02_auditoria.sql). 'Valor a mais' = total cobrado menos uma cobrança.
